Pathway	Group	p value	count
a	PS-NH2	0.02686666	7
b	PS-NH2	5.88E-05	10
c	PS-NH2	0.004945089	6
d	PS-NH2	0.01990733	4
e	0.01990733	4
f	PS-NH2	0.540182	3
g	PS-NH2	0.08235701	4
V	PS-NH2	0.0144653	1
A	PS-NH2	0.02235043	3
V	PS-COOH	0.003444119	1
N	PS-COOH	0.01445585	3
L	PS-COOH	0.04727037	2
P	PS-COOH	0.1533788	2
G	PS-COOH	0.1764459	1
A	PS-COOH	0.2211513	1
B	PS-COOH	0.2265745	1
Ap	PS-COOH	0.4901156	1
